model_name,condition,blocked_reaction_id
iJO1366,acetate_aerobic,DM_aacald_c
iJO1366,acetate_aerobic,EX_14glucan_e
iJO1366,acetate_aerobic,EX_23camp_e
iJO1366,acetate_aerobic,EX_23ccmp_e
iJO1366,acetate_aerobic,EX_23cgmp_e
iJO1366,acetate_aerobic,EX_23cump_e
iJO1366,acetate_aerobic,EX_23dappa_e
iJO1366,acetate_aerobic,EX_26dap__M_e
iJO1366,acetate_aerobic,EX_2ddglcn_e
iJO1366,acetate_aerobic,EX_34dhpac_e
iJO1366,acetate_aerobic,EX_3amp_e
iJO1366,acetate_aerobic,EX_3cmp_e
iJO1366,acetate_aerobic,EX_3gmp_e
iJO1366,acetate_aerobic,EX_3hcinnm_e
iJO1366,acetate_aerobic,EX_3hpppn_e
iJO1366,acetate_aerobic,EX_3ump_e
iJO1366,acetate_aerobic,EX_4hoxpacd_e
iJO1366,acetate_aerobic,EX_5dglcn_e
iJO1366,acetate_aerobic,EX_LalaDglu_e
iJO1366,acetate_aerobic,EX_LalaLglu_e
iJO1366,acetate_aerobic,EX_acac_e
iJO1366,acetate_aerobic,EX_acgal_e
iJO1366,acetate_aerobic,EX_acgal1p_e
iJO1366,acetate_aerobic,EX_acgam_e
iJO1366,acetate_aerobic,EX_acgam1p_e
iJO1366,acetate_aerobic,EX_acmana_e
iJO1366,acetate_aerobic,EX_acmum_e
iJO1366,acetate_aerobic,EX_acnam_e
iJO1366,acetate_aerobic,EX_adocbl_e
iJO1366,acetate_aerobic,EX_ag_e
iJO1366,acetate_aerobic,EX_ala_B_e
iJO1366,acetate_aerobic,EX_all__D_e
iJO1366,acetate_aerobic,EX_amp_e
iJO1366,acetate_aerobic,EX_arab__L_e
iJO1366,acetate_aerobic,EX_arbt_e
iJO1366,acetate_aerobic,EX_arbtn_e
iJO1366,acetate_aerobic,EX_arbtn_fe3_e
iJO1366,acetate_aerobic,EX_ascb__L_e
iJO1366,acetate_aerobic,EX_aso3_e
iJO1366,acetate_aerobic,EX_btn_e
iJO1366,acetate_aerobic,EX_but_e
iJO1366,acetate_aerobic,EX_butso3_e
iJO1366,acetate_aerobic,EX_cbi_e
iJO1366,acetate_aerobic,EX_cd2_e
iJO1366,acetate_aerobic,EX_chol_e
iJO1366,acetate_aerobic,EX_chtbs_e
iJO1366,acetate_aerobic,EX_cm_e
iJO1366,acetate_aerobic,EX_cmp_e
iJO1366,acetate_aerobic,EX_cpgn_e
iJO1366,acetate_aerobic,EX_cpgn_un_e
iJO1366,acetate_aerobic,EX_crn_e
iJO1366,acetate_aerobic,EX_crn__D_e
iJO1366,acetate_aerobic,EX_csn_e
iJO1366,acetate_aerobic,EX_cu_e
iJO1366,acetate_aerobic,EX_cyan_e
iJO1366,acetate_aerobic,EX_cynt_e
iJO1366,acetate_aerobic,EX_cys__D_e
iJO1366,acetate_aerobic,EX_dad_2_e
iJO1366,acetate_aerobic,EX_damp_e
iJO1366,acetate_aerobic,EX_dca_e
iJO1366,acetate_aerobic,EX_dcmp_e
iJO1366,acetate_aerobic,EX_dcyt_e
iJO1366,acetate_aerobic,EX_ddca_e
iJO1366,acetate_aerobic,EX_dgmp_e
iJO1366,acetate_aerobic,EX_dgsn_e
iJO1366,acetate_aerobic,EX_dimp_e
iJO1366,acetate_aerobic,EX_din_e
iJO1366,acetate_aerobic,EX_dms_e
iJO1366,acetate_aerobic,EX_dmso_e
iJO1366,acetate_aerobic,EX_dopa_e
iJO1366,acetate_aerobic,EX_doxrbcn_e
iJO1366,acetate_aerobic,EX_dtmp_e
iJO1366,acetate_aerobic,EX_dump_e
iJO1366,acetate_aerobic,EX_duri_e
iJO1366,acetate_aerobic,EX_ethso3_e
iJO1366,acetate_aerobic,EX_f6p_e
iJO1366,acetate_aerobic,EX_fald_e
iJO1366,acetate_aerobic,EX_fe3dcit_e
iJO1366,acetate_aerobic,EX_fe3dhbzs_e
iJO1366,acetate_aerobic,EX_fe3hox_e
iJO1366,acetate_aerobic,EX_fe3hox_un_e
iJO1366,acetate_aerobic,EX_fecrm_e
iJO1366,acetate_aerobic,EX_fecrm_un_e
iJO1366,acetate_aerobic,EX_feoxam_e
iJO1366,acetate_aerobic,EX_feoxam_un_e
iJO1366,acetate_aerobic,EX_fru_e
iJO1366,acetate_aerobic,EX_frulys_e
iJO1366,acetate_aerobic,EX_fruur_e
iJO1366,acetate_aerobic,EX_fuc__L_e
iJO1366,acetate_aerobic,EX_fum_e
iJO1366,acetate_aerobic,EX_fusa_e
iJO1366,acetate_aerobic,EX_g1p_e
iJO1366,acetate_aerobic,EX_g3pc_e
iJO1366,acetate_aerobic,EX_g3pi_e
iJO1366,acetate_aerobic,EX_g3ps_e
iJO1366,acetate_aerobic,EX_g6p_e
iJO1366,acetate_aerobic,EX_gal_e
iJO1366,acetate_aerobic,EX_gal_bD_e
iJO1366,acetate_aerobic,EX_gal1p_e
iJO1366,acetate_aerobic,EX_galct__D_e
iJO1366,acetate_aerobic,EX_galctn__D_e
iJO1366,acetate_aerobic,EX_galctn__L_e
iJO1366,acetate_aerobic,EX_galt_e
iJO1366,acetate_aerobic,EX_galur_e
iJO1366,acetate_aerobic,EX_gam_e
iJO1366,acetate_aerobic,EX_gam6p_e
iJO1366,acetate_aerobic,EX_gbbtn_e
iJO1366,acetate_aerobic,EX_gdp_e
iJO1366,acetate_aerobic,EX_glc__D_e
iJO1366,acetate_aerobic,EX_glcn_e
iJO1366,acetate_aerobic,EX_glcr_e
iJO1366,acetate_aerobic,EX_glcur_e
iJO1366,acetate_aerobic,EX_glcur1p_e
iJO1366,acetate_aerobic,EX_gln__L_e
iJO1366,acetate_aerobic,EX_glyb_e
iJO1366,acetate_aerobic,EX_glyc2p_e
iJO1366,acetate_aerobic,EX_gmp_e
iJO1366,acetate_aerobic,EX_gsn_e
iJO1366,acetate_aerobic,EX_gthox_e
iJO1366,acetate_aerobic,EX_gtp_e
iJO1366,acetate_aerobic,EX_h2_e
iJO1366,acetate_aerobic,EX_h2o2_e
iJO1366,acetate_aerobic,EX_hacolipa_e
iJO1366,acetate_aerobic,EX_halipa_e
iJO1366,acetate_aerobic,EX_hdca_e
iJO1366,acetate_aerobic,EX_hdcea_e
iJO1366,acetate_aerobic,EX_hg2_e
iJO1366,acetate_aerobic,EX_idon__L_e
iJO1366,acetate_aerobic,EX_imp_e
iJO1366,acetate_aerobic,EX_inost_e
iJO1366,acetate_aerobic,EX_isetac_e
iJO1366,acetate_aerobic,EX_lcts_e
iJO1366,acetate_aerobic,EX_lipoate_e
iJO1366,acetate_aerobic,EX_lyx__L_e
iJO1366,acetate_aerobic,EX_mal__D_e
iJO1366,acetate_aerobic,EX_malt_e
iJO1366,acetate_aerobic,EX_malthx_e
iJO1366,acetate_aerobic,EX_maltpt_e
iJO1366,acetate_aerobic,EX_malttr_e
iJO1366,acetate_aerobic,EX_maltttr_e
iJO1366,acetate_aerobic,EX_man_e
iJO1366,acetate_aerobic,EX_man6p_e
iJO1366,acetate_aerobic,EX_manglyc_e
iJO1366,acetate_aerobic,EX_melib_e
iJO1366,acetate_aerobic,EX_met__D_e
iJO1366,acetate_aerobic,EX_met__L_e
iJO1366,acetate_aerobic,EX_metsox_R__L_e
iJO1366,acetate_aerobic,EX_metsox_S__L_e
iJO1366,acetate_aerobic,EX_mincyc_e
iJO1366,acetate_aerobic,EX_minohp_e
iJO1366,acetate_aerobic,EX_mmet_e
iJO1366,acetate_aerobic,EX_mnl_e
iJO1366,acetate_aerobic,EX_mso3_e
iJO1366,acetate_aerobic,EX_n2o_e
iJO1366,acetate_aerobic,EX_na1_e
iJO1366,acetate_aerobic,EX_nac_e
iJO1366,acetate_aerobic,EX_nmn_e
iJO1366,acetate_aerobic,EX_no_e
iJO1366,acetate_aerobic,EX_no2_e
iJO1366,acetate_aerobic,EX_no3_e
iJO1366,acetate_aerobic,EX_novbcn_e
iJO1366,acetate_aerobic,EX_o16a4colipa_e
iJO1366,acetate_aerobic,EX_o2s_e
iJO1366,acetate_aerobic,EX_ocdca_e
iJO1366,acetate_aerobic,EX_ocdcea_e
iJO1366,acetate_aerobic,EX_octa_e
iJO1366,acetate_aerobic,EX_orot_e
iJO1366,acetate_aerobic,EX_pacald_e
iJO1366,acetate_aerobic,EX_peamn_e
iJO1366,acetate_aerobic,EX_pnto__R_e
iJO1366,acetate_aerobic,EX_ppa_e
iJO1366,acetate_aerobic,EX_ppal_e
iJO1366,acetate_aerobic,EX_pppn_e
iJO1366,acetate_aerobic,EX_ppt_e
iJO1366,acetate_aerobic,EX_progly_e
iJO1366,acetate_aerobic,EX_psclys_e
iJO1366,acetate_aerobic,EX_pser__L_e
iJO1366,acetate_aerobic,EX_pydam_e
iJO1366,acetate_aerobic,EX_pydx_e
iJO1366,acetate_aerobic,EX_pydxn_e
iJO1366,acetate_aerobic,EX_r5p_e
iJO1366,acetate_aerobic,EX_rfamp_e
iJO1366,acetate_aerobic,EX_rib__D_e
iJO1366,acetate_aerobic,EX_rmn_e
iJO1366,acetate_aerobic,EX_sbt__D_e
iJO1366,acetate_aerobic,EX_sel_e
iJO1366,acetate_aerobic,EX_ser__D_e
iJO1366,acetate_aerobic,EX_skm_e
iJO1366,acetate_aerobic,EX_slnt_e
iJO1366,acetate_aerobic,EX_so2_e
iJO1366,acetate_aerobic,EX_so3_e
iJO1366,acetate_aerobic,EX_sucr_e
iJO1366,acetate_aerobic,EX_sulfac_e
iJO1366,acetate_aerobic,EX_tartr__D_e
iJO1366,acetate_aerobic,EX_tartr__L_e
iJO1366,acetate_aerobic,EX_taur_e
iJO1366,acetate_aerobic,EX_tcynt_e
iJO1366,acetate_aerobic,EX_thm_e
iJO1366,acetate_aerobic,EX_thrp_e
iJO1366,acetate_aerobic,EX_tma_e
iJO1366,acetate_aerobic,EX_tmao_e
iJO1366,acetate_aerobic,EX_tre_e
iJO1366,acetate_aerobic,EX_tsul_e
iJO1366,acetate_aerobic,EX_ttdca_e
iJO1366,acetate_aerobic,EX_ttdcea_e
iJO1366,acetate_aerobic,EX_ttrcyc_e
iJO1366,acetate_aerobic,EX_tungs_e
iJO1366,acetate_aerobic,EX_tym_e
iJO1366,acetate_aerobic,EX_tyrp_e
iJO1366,acetate_aerobic,EX_uacgam_e
iJO1366,acetate_aerobic,EX_udpacgal_e
iJO1366,acetate_aerobic,EX_udpg_e
iJO1366,acetate_aerobic,EX_udpgal_e
iJO1366,acetate_aerobic,EX_udpglcur_e
iJO1366,acetate_aerobic,EX_ump_e
iJO1366,acetate_aerobic,EX_xmp_e
iJO1366,acetate_aerobic,EX_xyl__D_e
iJO1366,acetate_aerobic,EX_xylu__L_e
iJO1366,acetate_aerobic,14GLUCANabcpp
iJO1366,acetate_aerobic,14GLUCANtexi
iJO1366,acetate_aerobic,23CAMPtex
iJO1366,acetate_aerobic,23CCMPtex
iJO1366,acetate_aerobic,23CGMPtex
iJO1366,acetate_aerobic,23CUMPtex
iJO1366,acetate_aerobic,23DAPPAt2pp
iJO1366,acetate_aerobic,23DAPPAtex
iJO1366,acetate_aerobic,23PDE2pp
iJO1366,acetate_aerobic,23PDE4pp
iJO1366,acetate_aerobic,23PDE7pp
iJO1366,acetate_aerobic,23PDE9pp
iJO1366,acetate_aerobic,26DAHtex
iJO1366,acetate_aerobic,2DGULRGx
iJO1366,acetate_aerobic,2DGULRGy
iJO1366,acetate_aerobic,2DGULRx
iJO1366,acetate_aerobic,2DGULRy
iJO1366,acetate_aerobic,34dhpactex
iJO1366,acetate_aerobic,3AMPtex
iJO1366,acetate_aerobic,3CMPtex
iJO1366,acetate_aerobic,3GMPtex
iJO1366,acetate_aerobic,3HCINNMH
iJO1366,acetate_aerobic,3HPPPNH
iJO1366,acetate_aerobic,3KGK
iJO1366,acetate_aerobic,3NTD2pp
iJO1366,acetate_aerobic,3NTD4pp
iJO1366,acetate_aerobic,3NTD7pp
iJO1366,acetate_aerobic,3NTD9pp
iJO1366,acetate_aerobic,3OXCOAT
iJO1366,acetate_aerobic,3UMPtex
iJO1366,acetate_aerobic,42A12BOOXpp
iJO1366,acetate_aerobic,4HOXPACDtex
iJO1366,acetate_aerobic,4HTHRS
iJO1366,acetate_aerobic,5DGLCNR
iJO1366,acetate_aerobic,5DGLCNt2rpp
iJO1366,acetate_aerobic,5DGLCNtex
iJO1366,acetate_aerobic,AAMYL
iJO1366,acetate_aerobic,AAMYLpp
iJO1366,acetate_aerobic,AB6PGH
iJO1366,acetate_aerobic,ACACCT
iJO1366,acetate_aerobic,ACACt2pp
iJO1366,acetate_aerobic,ACACtex
iJO1366,acetate_aerobic,ACANTHAT
iJO1366,acetate_aerobic,ACBIPGT
iJO1366,acetate_aerobic,ACGAL1PPpp
iJO1366,acetate_aerobic,ACGAL1Ptex
iJO1366,acetate_aerobic,ACGALtex
iJO1366,acetate_aerobic,ACGAM1PPpp
iJO1366,acetate_aerobic,ACGAM1Ptex
iJO1366,acetate_aerobic,ACGAptspp
iJO1366,acetate_aerobic,ACGAtex
iJO1366,acetate_aerobic,ACMANAptspp
iJO1366,acetate_aerobic,ACMANAtex
iJO1366,acetate_aerobic,ACMUMptspp
iJO1366,acetate_aerobic,ACMUMtex
iJO1366,acetate_aerobic,ACNAMt2pp
iJO1366,acetate_aerobic,ACNAMtex
iJO1366,acetate_aerobic,ACNML
iJO1366,acetate_aerobic,ACONIs
iJO1366,acetate_aerobic,ACONMT
iJO1366,acetate_aerobic,ACPS1
iJO1366,acetate_aerobic,ADOCBIK
iJO1366,acetate_aerobic,ADOCBLS
iJO1366,acetate_aerobic,ADOCBLabcpp
iJO1366,acetate_aerobic,ADOCBLtonex
iJO1366,acetate_aerobic,AGt3
iJO1366,acetate_aerobic,ALATRS
iJO1366,acetate_aerobic,ALDD19xr
iJO1366,acetate_aerobic,ALDD3y
iJO1366,acetate_aerobic,ALDD4
iJO1366,acetate_aerobic,ALLK
iJO1366,acetate_aerobic,ALLPI
iJO1366,acetate_aerobic,ALLULPE
iJO1366,acetate_aerobic,ALLabcpp
iJO1366,acetate_aerobic,ALLtex
iJO1366,acetate_aerobic,ALPATE160pp
iJO1366,acetate_aerobic,ALPATG160pp
iJO1366,acetate_aerobic,ALTRH
iJO1366,acetate_aerobic,AMALT1
iJO1366,acetate_aerobic,AMALT2
iJO1366,acetate_aerobic,AMALT3
iJO1366,acetate_aerobic,AMALT4
iJO1366,acetate_aerobic,AMANAPEr
iJO1366,acetate_aerobic,AMANK
iJO1366,acetate_aerobic,AMPTASEPG
iJO1366,acetate_aerobic,AMPtex
iJO1366,acetate_aerobic,AP5AH
iJO1366,acetate_aerobic,APCS
iJO1366,acetate_aerobic,APPLDHr
iJO1366,acetate_aerobic,ARAI
iJO1366,acetate_aerobic,ARBTptspp
iJO1366,acetate_aerobic,ARBTtex
iJO1366,acetate_aerobic,ARBtex
iJO1366,acetate_aerobic,ARGTRS
iJO1366,acetate_aerobic,ASCBPL
iJO1366,acetate_aerobic,ASCBptspp
iJO1366,acetate_aerobic,ASCBtex
iJO1366,acetate_aerobic,ASNTRS
iJO1366,acetate_aerobic,ASO3t8pp
iJO1366,acetate_aerobic,ASO3tex
iJO1366,acetate_aerobic,ASPTRS
iJO1366,acetate_aerobic,ASR
iJO1366,acetate_aerobic,BALAt2pp
iJO1366,acetate_aerobic,BALAtex
iJO1366,acetate_aerobic,BETALDHx
iJO1366,acetate_aerobic,BETALDHy
iJO1366,acetate_aerobic,BSORx
iJO1366,acetate_aerobic,BSORy
iJO1366,acetate_aerobic,BTNt2ipp
iJO1366,acetate_aerobic,BTNtex
iJO1366,acetate_aerobic,BUTCT
iJO1366,acetate_aerobic,BUTSO3abcpp
iJO1366,acetate_aerobic,BUTSO3tex
iJO1366,acetate_aerobic,BUTt2rpp
iJO1366,acetate_aerobic,BUTtex
iJO1366,acetate_aerobic,BWCOGDS1
iJO1366,acetate_aerobic,BWCOGDS2
iJO1366,acetate_aerobic,BWCOS
iJO1366,acetate_aerobic,CAT
iJO1366,acetate_aerobic,CBIAT
iJO1366,acetate_aerobic,CBItonex
iJO1366,acetate_aerobic,CBIuabcpp
iJO1366,acetate_aerobic,CCGS
iJO1366,acetate_aerobic,CD2tex
iJO1366,acetate_aerobic,CDGR
iJO1366,acetate_aerobic,CDGS
iJO1366,acetate_aerobic,CFAS160E
iJO1366,acetate_aerobic,CFAS160G
iJO1366,acetate_aerobic,CFAS180E
iJO1366,acetate_aerobic,CFAS180G
iJO1366,acetate_aerobic,CHLabcpp
iJO1366,acetate_aerobic,CHLt2pp
iJO1366,acetate_aerobic,CHLtex
iJO1366,acetate_aerobic,CHOLD
iJO1366,acetate_aerobic,CHTBSptspp
iJO1366,acetate_aerobic,CHTBStex
iJO1366,acetate_aerobic,CINNDO
iJO1366,acetate_aerobic,CMPtex
iJO1366,acetate_aerobic,CPH4S
iJO1366,acetate_aerobic,CRNBTCT
iJO1366,acetate_aerobic,CRNCAL2
iJO1366,acetate_aerobic,CRNCAR
iJO1366,acetate_aerobic,CRNCBCT
iJO1366,acetate_aerobic,CRNCDH
iJO1366,acetate_aerobic,CRNDCAL2
iJO1366,acetate_aerobic,CRNDtex
iJO1366,acetate_aerobic,CRNt7pp
iJO1366,acetate_aerobic,CRNtex
iJO1366,acetate_aerobic,CSNt2pp
iJO1366,acetate_aerobic,CSNtex
iJO1366,acetate_aerobic,CTBTCAL2
iJO1366,acetate_aerobic,CU1Opp
iJO1366,acetate_aerobic,CU1abcpp
iJO1366,acetate_aerobic,CUt3
iJO1366,acetate_aerobic,CUtex
iJO1366,acetate_aerobic,CYANST
iJO1366,acetate_aerobic,CYANSTpp
iJO1366,acetate_aerobic,CYANtex
iJO1366,acetate_aerobic,CYNTAH
iJO1366,acetate_aerobic,CYNTt2pp
iJO1366,acetate_aerobic,CYNTtex
iJO1366,acetate_aerobic,CYSDDS
iJO1366,acetate_aerobic,CYSDabcpp
iJO1366,acetate_aerobic,CYSDtex
iJO1366,acetate_aerobic,CYSSADS
iJO1366,acetate_aerobic,CYSTRS
iJO1366,acetate_aerobic,DADNt2pp
iJO1366,acetate_aerobic,DADNtex
iJO1366,acetate_aerobic,DAMPtex
iJO1366,acetate_aerobic,DAPAL
iJO1366,acetate_aerobic,DAPabcpp
iJO1366,acetate_aerobic,DC6PH
iJO1366,acetate_aerobic,DCAtex
iJO1366,acetate_aerobic,DCMPtex
iJO1366,acetate_aerobic,DCYTt2pp
iJO1366,acetate_aerobic,DCYTtex
iJO1366,acetate_aerobic,DDCAtexi
iJO1366,acetate_aerobic,DDGALK
iJO1366,acetate_aerobic,DDGLCNt2rpp
iJO1366,acetate_aerobic,DDGLCNtex
iJO1366,acetate_aerobic,DDGLK
iJO1366,acetate_aerobic,DDPGALA
iJO1366,acetate_aerobic,DGMPtex
iJO1366,acetate_aerobic,DGSNt2pp
iJO1366,acetate_aerobic,DGSNtex
iJO1366,acetate_aerobic,DHACOAH
iJO1366,acetate_aerobic,DHCIND
iJO1366,acetate_aerobic,DHCINDO
iJO1366,acetate_aerobic,DHMPTR
iJO1366,acetate_aerobic,DHNPTE
iJO1366,acetate_aerobic,DHPPD
iJO1366,acetate_aerobic,DHPTDNR
iJO1366,acetate_aerobic,DHPTDNRN
iJO1366,acetate_aerobic,DHPTPE
iJO1366,acetate_aerobic,DIMPtex
iJO1366,acetate_aerobic,DINSt2pp
iJO1366,acetate_aerobic,DINStex
iJO1366,acetate_aerobic,DKGLCNR1
iJO1366,acetate_aerobic,DKGLCNR2x
iJO1366,acetate_aerobic,DKGLCNR2y
iJO1366,acetate_aerobic,DMSOR1
iJO1366,acetate_aerobic,DMSOR1pp
iJO1366,acetate_aerobic,DMSOR2
iJO1366,acetate_aerobic,DMSOR2pp
iJO1366,acetate_aerobic,DMSOtex
iJO1366,acetate_aerobic,DMSOtpp
iJO1366,acetate_aerobic,DMStex
iJO1366,acetate_aerobic,DOGULNR
iJO1366,acetate_aerobic,DOPAtex
iJO1366,acetate_aerobic,DSBAO1
iJO1366,acetate_aerobic,DSBAO2
iJO1366,acetate_aerobic,DSBCGT
iJO1366,acetate_aerobic,DSBDR
iJO1366,acetate_aerobic,DSBGGT
iJO1366,acetate_aerobic,DSERt2pp
iJO1366,acetate_aerobic,DSERtex
iJO1366,acetate_aerobic,DTARTD
iJO1366,acetate_aerobic,DTMPtex
iJO1366,acetate_aerobic,DUMPtex
iJO1366,acetate_aerobic,DURADx
iJO1366,acetate_aerobic,DURIt2pp
iJO1366,acetate_aerobic,DURItex
iJO1366,acetate_aerobic,DXYLK
iJO1366,acetate_aerobic,ETHSO3abcpp
iJO1366,acetate_aerobic,ETHSO3tex
iJO1366,acetate_aerobic,F6Pt6_2pp
iJO1366,acetate_aerobic,F6Ptex
iJO1366,acetate_aerobic,FACOAL100t2pp
iJO1366,acetate_aerobic,FACOAL80t2pp
iJO1366,acetate_aerobic,FALDH2
iJO1366,acetate_aerobic,FALDtex
iJO1366,acetate_aerobic,FALDtpp
iJO1366,acetate_aerobic,FALGTHLs
iJO1366,acetate_aerobic,FCI
iJO1366,acetate_aerobic,FCLK
iJO1366,acetate_aerobic,FCLPA
iJO1366,acetate_aerobic,FDMO
iJO1366,acetate_aerobic,FDMO2
iJO1366,acetate_aerobic,FDMO3
iJO1366,acetate_aerobic,FDMO4
iJO1366,acetate_aerobic,FDMO6
iJO1366,acetate_aerobic,FE3DCITabcpp
iJO1366,acetate_aerobic,FE3DCITtonex
iJO1366,acetate_aerobic,FE3DHBZR
iJO1366,acetate_aerobic,FE3DHBZSabcpp
iJO1366,acetate_aerobic,FE3DHBZStonex
iJO1366,acetate_aerobic,FESD2s
iJO1366,acetate_aerobic,FFSD
iJO1366,acetate_aerobic,FHL
iJO1366,acetate_aerobic,FMETTRS
iJO1366,acetate_aerobic,FORCT
iJO1366,acetate_aerobic,FRUK
iJO1366,acetate_aerobic,FRULYSDG
iJO1366,acetate_aerobic,FRULYSE
iJO1366,acetate_aerobic,FRULYSK
iJO1366,acetate_aerobic,FRULYSt2pp
iJO1366,acetate_aerobic,FRULYStex
iJO1366,acetate_aerobic,FRUURt2rpp
iJO1366,acetate_aerobic,FRUURtex
iJO1366,acetate_aerobic,FRUpts2pp
iJO1366,acetate_aerobic,FRUptspp
iJO1366,acetate_aerobic,FRUtex
iJO1366,acetate_aerobic,FUCtex
iJO1366,acetate_aerobic,FUCtpp
iJO1366,acetate_aerobic,FUMt2_2pp
iJO1366,acetate_aerobic,FUMt2_3pp
iJO1366,acetate_aerobic,FUMtex
iJO1366,acetate_aerobic,G1PPpp
iJO1366,acetate_aerobic,G1Ptex
iJO1366,acetate_aerobic,G2PP
iJO1366,acetate_aerobic,G2PPpp
iJO1366,acetate_aerobic,G3PCabcpp
iJO1366,acetate_aerobic,G3PCtex
iJO1366,acetate_aerobic,G3PIabcpp
iJO1366,acetate_aerobic,G3PItex
iJO1366,acetate_aerobic,G3PSabcpp
iJO1366,acetate_aerobic,G3PStex
iJO1366,acetate_aerobic,G6Pt6_2pp
iJO1366,acetate_aerobic,G6Ptex
iJO1366,acetate_aerobic,GAL1PPpp
iJO1366,acetate_aerobic,GAL1Ptex
iJO1366,acetate_aerobic,GALBDtex
iJO1366,acetate_aerobic,GALCTD
iJO1366,acetate_aerobic,GALCTLO
iJO1366,acetate_aerobic,GALCTND
iJO1366,acetate_aerobic,GALCTNLt2pp
iJO1366,acetate_aerobic,GALCTNLtex
iJO1366,acetate_aerobic,GALCTNt2pp
iJO1366,acetate_aerobic,GALCTNtex
iJO1366,acetate_aerobic,GALCTt2rpp
iJO1366,acetate_aerobic,GALCTtex
iJO1366,acetate_aerobic,GALKr
iJO1366,acetate_aerobic,GALM2pp
iJO1366,acetate_aerobic,GALS3
iJO1366,acetate_aerobic,GALTptspp
iJO1366,acetate_aerobic,GALTtex
iJO1366,acetate_aerobic,GALURt2rpp
iJO1366,acetate_aerobic,GALURtex
iJO1366,acetate_aerobic,GALabcpp
iJO1366,acetate_aerobic,GALt2pp
iJO1366,acetate_aerobic,GALtex
iJO1366,acetate_aerobic,GAM6Pt6_2pp
iJO1366,acetate_aerobic,GAMAN6Ptex
iJO1366,acetate_aerobic,GAMptspp
iJO1366,acetate_aerobic,GAMtex
iJO1366,acetate_aerobic,GBBTNtex
iJO1366,acetate_aerobic,GDMANE
iJO1366,acetate_aerobic,GDPtex
iJO1366,acetate_aerobic,GHBDHx
iJO1366,acetate_aerobic,GLCATr
iJO1366,acetate_aerobic,GLCDpp
iJO1366,acetate_aerobic,GLCNt2rpp
iJO1366,acetate_aerobic,GLCNtex
iJO1366,acetate_aerobic,GLCRAL
iJO1366,acetate_aerobic,GLCRD
iJO1366,acetate_aerobic,GLCRt2rpp
iJO1366,acetate_aerobic,GLCRtex
iJO1366,acetate_aerobic,GLCUR1Ptex
iJO1366,acetate_aerobic,GLCURt2rpp
iJO1366,acetate_aerobic,GLCURtex
iJO1366,acetate_aerobic,GLCabcpp
iJO1366,acetate_aerobic,GLCptspp
iJO1366,acetate_aerobic,GLCt2pp
iJO1366,acetate_aerobic,GLNTRS
iJO1366,acetate_aerobic,GLNabcpp
iJO1366,acetate_aerobic,GLNtex
iJO1366,acetate_aerobic,GLTPD
iJO1366,acetate_aerobic,GLUNpp
iJO1366,acetate_aerobic,GLYBabcpp
iJO1366,acetate_aerobic,GLYBt2pp
iJO1366,acetate_aerobic,GLYBtex
iJO1366,acetate_aerobic,GLYC2Pabcpp
iJO1366,acetate_aerobic,GLYC2Ptex
iJO1366,acetate_aerobic,GLYTRS
iJO1366,acetate_aerobic,GMAND
iJO1366,acetate_aerobic,GMPtex
iJO1366,acetate_aerobic,GNK
iJO1366,acetate_aerobic,GOFUCR
iJO1366,acetate_aerobic,GP4GH
iJO1366,acetate_aerobic,GPDDA1
iJO1366,acetate_aerobic,GPDDA1pp
iJO1366,acetate_aerobic,GPDDA3
iJO1366,acetate_aerobic,GPDDA3pp
iJO1366,acetate_aerobic,GPDDA5
iJO1366,acetate_aerobic,GPDDA5pp
iJO1366,acetate_aerobic,GSNt2pp
iJO1366,acetate_aerobic,GSNtex
iJO1366,acetate_aerobic,GTHOXtex
iJO1366,acetate_aerobic,GTPtex
iJO1366,acetate_aerobic,GUI1
iJO1366,acetate_aerobic,GUI2
iJO1366,acetate_aerobic,GUR1PPpp
iJO1366,acetate_aerobic,H2O2tex
iJO1366,acetate_aerobic,H2tex
iJO1366,acetate_aerobic,H2tpp
iJO1366,acetate_aerobic,HADPCOADH3
iJO1366,acetate_aerobic,HCINNMt2rpp
iJO1366,acetate_aerobic,HCINNMtex
iJO1366,acetate_aerobic,HCYSMT2
iJO1366,acetate_aerobic,HDCAtexi
iJO1366,acetate_aerobic,HDCEAtexi
iJO1366,acetate_aerobic,HETZK
iJO1366,acetate_aerobic,HG2abcpp
iJO1366,acetate_aerobic,HG2t3pp
iJO1366,acetate_aerobic,HG2tex
iJO1366,acetate_aerobic,HISTRS
iJO1366,acetate_aerobic,HKNDDH
iJO1366,acetate_aerobic,HKNTDH
iJO1366,acetate_aerobic,HMPK1
iJO1366,acetate_aerobic,HOPNTAL
iJO1366,acetate_aerobic,HPPPNDO
iJO1366,acetate_aerobic,HPPPNt2rpp
iJO1366,acetate_aerobic,HPPPNtex
iJO1366,acetate_aerobic,HYD1pp
iJO1366,acetate_aerobic,HYD2pp
iJO1366,acetate_aerobic,HYD3pp
iJO1366,acetate_aerobic,IDONt2rpp
iJO1366,acetate_aerobic,IDONtex
iJO1366,acetate_aerobic,ILETRS
iJO1366,acetate_aerobic,IMPtex
iJO1366,acetate_aerobic,INOSTt4pp
iJO1366,acetate_aerobic,INSTtex
iJO1366,acetate_aerobic,ISETACabcpp
iJO1366,acetate_aerobic,ISETACtex
iJO1366,acetate_aerobic,KG6PDC
iJO1366,acetate_aerobic,LACZ
iJO1366,acetate_aerobic,LACZpp
iJO1366,acetate_aerobic,LALADGLUtex
iJO1366,acetate_aerobic,LALADGLUtpp
iJO1366,acetate_aerobic,LALALGLUtex
iJO1366,acetate_aerobic,LALALGLUtpp
iJO1366,acetate_aerobic,LCTStex
iJO1366,acetate_aerobic,LEUTRS
iJO1366,acetate_aerobic,LIPAHT2ex
iJO1366,acetate_aerobic,LIPAHTex
iJO1366,acetate_aerobic,LIPAMPL
iJO1366,acetate_aerobic,LIPATPT
iJO1366,acetate_aerobic,LIPOt2pp
iJO1366,acetate_aerobic,LIPOtex
iJO1366,acetate_aerobic,LPLIPAL2ATE120
iJO1366,acetate_aerobic,LPLIPAL2ATE140
iJO1366,acetate_aerobic,LPLIPAL2ATE141
iJO1366,acetate_aerobic,LPLIPAL2ATE160
iJO1366,acetate_aerobic,LPLIPAL2ATE161
iJO1366,acetate_aerobic,LPLIPAL2ATE180
iJO1366,acetate_aerobic,LPLIPAL2ATE181
iJO1366,acetate_aerobic,LPLIPAL2ATG120
iJO1366,acetate_aerobic,LPLIPAL2ATG140
iJO1366,acetate_aerobic,LPLIPAL2ATG141
iJO1366,acetate_aerobic,LPLIPAL2ATG160
iJO1366,acetate_aerobic,LPLIPAL2ATG161
iJO1366,acetate_aerobic,LPLIPAL2ATG180
iJO1366,acetate_aerobic,LPLIPAL2ATG181
iJO1366,acetate_aerobic,LYSTRS
iJO1366,acetate_aerobic,LYXI
iJO1366,acetate_aerobic,LYXt2pp
iJO1366,acetate_aerobic,LYXtex
iJO1366,acetate_aerobic,M1PD
iJO1366,acetate_aerobic,MALDDH
iJO1366,acetate_aerobic,MALDt2_2pp
iJO1366,acetate_aerobic,MALDtex
iJO1366,acetate_aerobic,MALTATr
iJO1366,acetate_aerobic,MALTHXabcpp
iJO1366,acetate_aerobic,MALTHXtexi
iJO1366,acetate_aerobic,MALTPTabcpp
iJO1366,acetate_aerobic,MALTPTtexi
iJO1366,acetate_aerobic,MALTTRabcpp
iJO1366,acetate_aerobic,MALTTRtexi
iJO1366,acetate_aerobic,MALTTTRabcpp
iJO1366,acetate_aerobic,MALTTTRtexi
iJO1366,acetate_aerobic,MALTabcpp
iJO1366,acetate_aerobic,MALTptspp
iJO1366,acetate_aerobic,MALTtexi
iJO1366,acetate_aerobic,MAN6PI
iJO1366,acetate_aerobic,MAN6Pt6_2pp
iJO1366,acetate_aerobic,MAN6Ptex
iJO1366,acetate_aerobic,MANAO
iJO1366,acetate_aerobic,MANGLYCptspp
iJO1366,acetate_aerobic,MANGLYCtex
iJO1366,acetate_aerobic,MANPGH
iJO1366,acetate_aerobic,MANptspp
iJO1366,acetate_aerobic,MANtex
iJO1366,acetate_aerobic,MCPST
iJO1366,acetate_aerobic,MELIBtex
iJO1366,acetate_aerobic,METDabcpp
iJO1366,acetate_aerobic,METDtex
iJO1366,acetate_aerobic,METSOX1abcpp
iJO1366,acetate_aerobic,METSOX1tex
iJO1366,acetate_aerobic,METSOX2abcpp
iJO1366,acetate_aerobic,METSOX2tex
iJO1366,acetate_aerobic,METTRS
iJO1366,acetate_aerobic,METabcpp
iJO1366,acetate_aerobic,METtex
iJO1366,acetate_aerobic,MI1PP
iJO1366,acetate_aerobic,MINOHPtexi
iJO1366,acetate_aerobic,MLTG1
iJO1366,acetate_aerobic,MLTG2
iJO1366,acetate_aerobic,MMETt2pp
iJO1366,acetate_aerobic,MMETtex
iJO1366,acetate_aerobic,MNLptspp
iJO1366,acetate_aerobic,MNLtex
iJO1366,acetate_aerobic,MNNH
iJO1366,acetate_aerobic,MSO3abcpp
iJO1366,acetate_aerobic,MSO3tex
iJO1366,acetate_aerobic,MTRPOX
iJO1366,acetate_aerobic,N2Otex
iJO1366,acetate_aerobic,N2Otpp
iJO1366,acetate_aerobic,NACtex
iJO1366,acetate_aerobic,NACtpp
iJO1366,acetate_aerobic,NAtex
iJO1366,acetate_aerobic,NHFRBO
iJO1366,acetate_aerobic,NMNPtpp
iJO1366,acetate_aerobic,NMNt7pp
iJO1366,acetate_aerobic,NMNtex
iJO1366,acetate_aerobic,NNDMBRT
iJO1366,acetate_aerobic,NO2t2rpp
iJO1366,acetate_aerobic,NO2tex
iJO1366,acetate_aerobic,NO3R1bpp
iJO1366,acetate_aerobic,NO3R1pp
iJO1366,acetate_aerobic,NO3R2bpp
iJO1366,acetate_aerobic,NO3R2pp
iJO1366,acetate_aerobic,NO3t7pp
iJO1366,acetate_aerobic,NO3tex
iJO1366,acetate_aerobic,NODOx
iJO1366,acetate_aerobic,NODOy
iJO1366,acetate_aerobic,NOtex
iJO1366,acetate_aerobic,NOtpp
iJO1366,acetate_aerobic,NTD10pp
iJO1366,acetate_aerobic,NTD11pp
iJO1366,acetate_aerobic,NTD12pp
iJO1366,acetate_aerobic,NTD1pp
iJO1366,acetate_aerobic,NTD2pp
iJO1366,acetate_aerobic,NTD3pp
iJO1366,acetate_aerobic,NTD4pp
iJO1366,acetate_aerobic,NTD5pp
iJO1366,acetate_aerobic,NTD6pp
iJO1366,acetate_aerobic,NTD7pp
iJO1366,acetate_aerobic,NTD8pp
iJO1366,acetate_aerobic,NTD9pp
iJO1366,acetate_aerobic,NTP11
iJO1366,acetate_aerobic,NTP12
iJO1366,acetate_aerobic,NTP3pp
iJO1366,acetate_aerobic,NTRIR2x
iJO1366,acetate_aerobic,NTRIR3pp
iJO1366,acetate_aerobic,NTRIR4pp
iJO1366,acetate_aerobic,O16A4COLIPAabctex
iJO1366,acetate_aerobic,O16A4Lpp
iJO1366,acetate_aerobic,O16AP1pp
iJO1366,acetate_aerobic,O16AP2pp
iJO1366,acetate_aerobic,O16AP3pp
iJO1366,acetate_aerobic,O16AT
iJO1366,acetate_aerobic,O16AUNDtpp
iJO1366,acetate_aerobic,O16GALFT
iJO1366,acetate_aerobic,O16GLCT1
iJO1366,acetate_aerobic,O16GLCT2
iJO1366,acetate_aerobic,O2Stex
iJO1366,acetate_aerobic,OCDCAtexi
iJO1366,acetate_aerobic,OCDCEAtexi
iJO1366,acetate_aerobic,OCTAtex
iJO1366,acetate_aerobic,OP4ENH
iJO1366,acetate_aerobic,OROTt2_2pp
iJO1366,acetate_aerobic,OROTtex
iJO1366,acetate_aerobic,OXCDC
iJO1366,acetate_aerobic,OXCOAHDH
iJO1366,acetate_aerobic,OXDHCOAT
iJO1366,acetate_aerobic,PACALDt2rpp
iJO1366,acetate_aerobic,PACALDtex
iJO1366,acetate_aerobic,PACCOAE
iJO1366,acetate_aerobic,PACCOAL
iJO1366,acetate_aerobic,PEAMNOpp
iJO1366,acetate_aerobic,PEAMNtex
iJO1366,acetate_aerobic,PFK_2
iJO1366,acetate_aerobic,PGLYCP
iJO1366,acetate_aerobic,PHETRS
iJO1366,acetate_aerobic,PHYTSpp
iJO1366,acetate_aerobic,PNTOt4pp
iJO1366,acetate_aerobic,PNTOtex
iJO1366,acetate_aerobic,PPALtex
iJO1366,acetate_aerobic,PPALtpp
iJO1366,acetate_aerobic,PPAt4pp
iJO1366,acetate_aerobic,PPAtex
iJO1366,acetate_aerobic,PPPNDO
iJO1366,acetate_aerobic,PPPNt2rpp
iJO1366,acetate_aerobic,PPPNtex
iJO1366,acetate_aerobic,PPTHpp
iJO1366,acetate_aerobic,PPTtex
iJO1366,acetate_aerobic,PROGLYabcpp
iJO1366,acetate_aerobic,PROGLYtex
iJO1366,acetate_aerobic,PROTRS
iJO1366,acetate_aerobic,PSCLYSt2pp
iJO1366,acetate_aerobic,PSCLYStex
iJO1366,acetate_aerobic,PSERtex
iJO1366,acetate_aerobic,PSP_Lpp
iJO1366,acetate_aerobic,PTHRpp
iJO1366,acetate_aerobic,PYDAMtex
iJO1366,acetate_aerobic,PYDAMtpp
iJO1366,acetate_aerobic,PYDXNtex
iJO1366,acetate_aerobic,PYDXNtpp
iJO1366,acetate_aerobic,PYDXtex
iJO1366,acetate_aerobic,PYDXtpp
iJO1366,acetate_aerobic,QMO2
iJO1366,acetate_aerobic,QMO3
iJO1366,acetate_aerobic,R5PPpp
iJO1366,acetate_aerobic,R5Ptex
iJO1366,acetate_aerobic,RBK_L1
iJO1366,acetate_aerobic,RBP4E
iJO1366,acetate_aerobic,REPHACCOAI
iJO1366,acetate_aerobic,RIBabcpp
iJO1366,acetate_aerobic,RIBtex
iJO1366,acetate_aerobic,RMI
iJO1366,acetate_aerobic,RMK
iJO1366,acetate_aerobic,RMNtex
iJO1366,acetate_aerobic,RMNtpp
iJO1366,acetate_aerobic,RMPA
iJO1366,acetate_aerobic,RZ5PP
iJO1366,acetate_aerobic,SARCOX
iJO1366,acetate_aerobic,SBTPD
iJO1366,acetate_aerobic,SBTptspp
iJO1366,acetate_aerobic,SBTtex
iJO1366,acetate_aerobic,SELCYSS
iJO1366,acetate_aerobic,SELGTHR
iJO1366,acetate_aerobic,SELGTHR2
iJO1366,acetate_aerobic,SELGTHR3
iJO1366,acetate_aerobic,SELNPS
iJO1366,acetate_aerobic,SELR
iJO1366,acetate_aerobic,SELtex
iJO1366,acetate_aerobic,SELtpp
iJO1366,acetate_aerobic,SERTRS
iJO1366,acetate_aerobic,SERTRS2
iJO1366,acetate_aerobic,SFGTHi
iJO1366,acetate_aerobic,SKMt2pp
iJO1366,acetate_aerobic,SKMtex
iJO1366,acetate_aerobic,SLNTtex
iJO1366,acetate_aerobic,SLNTtpp
iJO1366,acetate_aerobic,SO2tex
iJO1366,acetate_aerobic,SO2tpp
iJO1366,acetate_aerobic,SO3tex
iJO1366,acetate_aerobic,SPMDAT1
iJO1366,acetate_aerobic,SPMDAT2
iJO1366,acetate_aerobic,SPODM
iJO1366,acetate_aerobic,SPODMpp
iJO1366,acetate_aerobic,SUCASPtpp
iJO1366,acetate_aerobic,SUCFUMtpp
iJO1366,acetate_aerobic,SUCMALtpp
iJO1366,acetate_aerobic,SUCRtex
iJO1366,acetate_aerobic,SUCTARTtpp
iJO1366,acetate_aerobic,SUCptspp
iJO1366,acetate_aerobic,SULFACabcpp
iJO1366,acetate_aerobic,SULFACtex
iJO1366,acetate_aerobic,TAGURr
iJO1366,acetate_aerobic,TARTD
iJO1366,acetate_aerobic,TARTRDtex
iJO1366,acetate_aerobic,TARTRt7pp
iJO1366,acetate_aerobic,TARTRtex
iJO1366,acetate_aerobic,TARTt2_3pp
iJO1366,acetate_aerobic,TAUDO
iJO1366,acetate_aerobic,TAURabcpp
iJO1366,acetate_aerobic,TAURtex
iJO1366,acetate_aerobic,TCYNTtex
iJO1366,acetate_aerobic,TDSR1
iJO1366,acetate_aerobic,TDSR2
iJO1366,acetate_aerobic,TGBPA
iJO1366,acetate_aerobic,THMabcpp
iJO1366,acetate_aerobic,THMtex
iJO1366,acetate_aerobic,THRPtex
iJO1366,acetate_aerobic,THRTRS
iJO1366,acetate_aerobic,TMAOR1
iJO1366,acetate_aerobic,TMAOR1pp
iJO1366,acetate_aerobic,TMAOR2
iJO1366,acetate_aerobic,TMAOR2pp
iJO1366,acetate_aerobic,TMAOtex
iJO1366,acetate_aerobic,TMAtex
iJO1366,acetate_aerobic,TMK
iJO1366,acetate_aerobic,TPRDCOAS
iJO1366,acetate_aerobic,TREHpp
iJO1366,acetate_aerobic,TREptspp
iJO1366,acetate_aerobic,TREtex
iJO1366,acetate_aerobic,TRPTRS
iJO1366,acetate_aerobic,TSULabcpp
iJO1366,acetate_aerobic,TSULtex
iJO1366,acetate_aerobic,TTDCAtexi
iJO1366,acetate_aerobic,TTDCEAtexi
iJO1366,acetate_aerobic,TUNGSabcpp
iJO1366,acetate_aerobic,TUNGStex
iJO1366,acetate_aerobic,TYMtex
iJO1366,acetate_aerobic,TYROXDApp
iJO1366,acetate_aerobic,TYRPpp
iJO1366,acetate_aerobic,TYRPtex
iJO1366,acetate_aerobic,TYRTRS
iJO1366,acetate_aerobic,ThDPAT
iJO1366,acetate_aerobic,UACGALPpp
iJO1366,acetate_aerobic,UACGAMPpp
iJO1366,acetate_aerobic,UACGAMtex
iJO1366,acetate_aerobic,UDPACGALtex
iJO1366,acetate_aerobic,UDPG4E
iJO1366,acetate_aerobic,UDPGALM
iJO1366,acetate_aerobic,UDPGALPpp
iJO1366,acetate_aerobic,UDPGALtex
iJO1366,acetate_aerobic,UDPGLCURtex
iJO1366,acetate_aerobic,UDPGPpp
iJO1366,acetate_aerobic,UDPGtex
iJO1366,acetate_aerobic,UGLCURPpp
iJO1366,acetate_aerobic,UGLT
iJO1366,acetate_aerobic,UMPtex
iJO1366,acetate_aerobic,VALTRS
iJO1366,acetate_aerobic,WCOS
iJO1366,acetate_aerobic,X5PL3E
iJO1366,acetate_aerobic,XMPtex
iJO1366,acetate_aerobic,XYLI1
iJO1366,acetate_aerobic,XYLK
iJO1366,acetate_aerobic,XYLK2
iJO1366,acetate_aerobic,XYLUt2pp
iJO1366,acetate_aerobic,XYLUtex
iJO1366,acetate_aerobic,XYLabcpp
iJO1366,acetate_aerobic,XYLt2pp
iJO1366,acetate_aerobic,XYLtex
